/*
 Navicat Premium Data Transfer

 Source Server         : 2
 Source Server Type    : Oracle
 Source Server Version : 110200
 Source Schema         : SCOTT

 Target Server Type    : Oracle
 Target Server Version : 110200
 File Encoding         : 65001

 Date: 23/03/2020 17:30:34
*/


-- ----------------------------
-- Table structure for BBS
-- ----------------------------
DROP TABLE "SCOTT"."BBS";
CREATE TABLE "SCOTT"."BBS" (
  "ID" NUMBER(6) NOT NULL ,
  "CONTENT" VARCHAR2(200 BYTE) DEFAULT NULL ,
  "USERID" NUMBER(6) DEFAULT NULL ,
  "PID" NUMBER(6) DEFAULT NULL ,
  "CREATE_DATE" DATE 
)
TABLESPACE "USERS"
LOGGING
NOCOMPRESS
PCTFREE 10
INITRANS 1
STORAGE (
  INITIAL 65536 
  NEXT 1048576 
  MINEXTENTS 1
  MAXEXTENTS 2147483645
  BUFFER_POOL DEFAULT
)
PARALLEL 1
NOCACHE
DISABLE ROW MOVEMENT
;

-- ----------------------------
-- Records of "BBS"
-- ----------------------------
INSERT INTO "SCOTT"."BBS" VALUES ('63', '太贵了', '8', '29', TO_DATE('2019-11-26 19:21:21', 'SYYYY-MM-DD HH24:MI:SS'));

-- ----------------------------
-- Table structure for CATEGORY
-- ----------------------------
DROP TABLE "SCOTT"."CATEGORY";
CREATE TABLE "SCOTT"."CATEGORY" (
  "ID" NUMBER(6) NOT NULL ,
  "NAME" VARCHAR2(200 BYTE) DEFAULT NULL 
)
TABLESPACE "USERS"
LOGGING
NOCOMPRESS
PCTFREE 10
INITRANS 1
STORAGE (
  INITIAL 65536 
  NEXT 1048576 
  MINEXTENTS 1
  MAXEXTENTS 2147483645
  BUFFER_POOL DEFAULT
)
PARALLEL 1
NOCACHE
DISABLE ROW MOVEMENT
;

-- ----------------------------
-- Records of "CATEGORY"
-- ----------------------------
INSERT INTO "SCOTT"."CATEGORY" VALUES ('3', '安全座椅');
INSERT INTO "SCOTT"."CATEGORY" VALUES ('9', '太阳镜');
INSERT INTO "SCOTT"."CATEGORY" VALUES ('10', '品牌女装');
INSERT INTO "SCOTT"."CATEGORY" VALUES ('11', '时尚男鞋');
INSERT INTO "SCOTT"."CATEGORY" VALUES ('12', '男士西服');
INSERT INTO "SCOTT"."CATEGORY" VALUES ('13', '男士手拿包');
INSERT INTO "SCOTT"."CATEGORY" VALUES ('14', '男表');
INSERT INTO "SCOTT"."CATEGORY" VALUES ('15', '女表');
INSERT INTO "SCOTT"."CATEGORY" VALUES ('16', '空调');
INSERT INTO "SCOTT"."CATEGORY" VALUES ('17', '冰箱');
INSERT INTO "SCOTT"."CATEGORY" VALUES ('18', '原汁机');
INSERT INTO "SCOTT"."CATEGORY" VALUES ('19', '扫地机器人');
INSERT INTO "SCOTT"."CATEGORY" VALUES ('20', '平衡车');
INSERT INTO "SCOTT"."CATEGORY" VALUES ('21', '电热水器');
INSERT INTO "SCOTT"."CATEGORY" VALUES ('22', '沙发');
INSERT INTO "SCOTT"."CATEGORY" VALUES ('23', '马桶');
INSERT INTO "SCOTT"."CATEGORY" VALUES ('24', '平板电视');

-- ----------------------------
-- Table structure for ORDER_
-- ----------------------------
DROP TABLE "SCOTT"."ORDER_";
CREATE TABLE "SCOTT"."ORDER_" (
  "ID" NUMBER(6) NOT NULL ,
  "ONUMBER" VARCHAR2(255 BYTE) DEFAULT NULL ,
  "DIZHI" VARCHAR2(255 BYTE) DEFAULT NULL ,
  "POST_CODE" VARCHAR2(255 BYTE) DEFAULT NULL ,
  "RECIPIENTS" VARCHAR2(255 BYTE) DEFAULT NULL ,
  "PHONE" VARCHAR2(255 BYTE) DEFAULT NULL ,
  "POST_SCRIPT" VARCHAR2(255 BYTE) DEFAULT NULL ,
  "CREATE_TIME" DATE ,
  "PAY_TIME" DATE DEFAULT NULL ,
  "SEND_TIME" DATE DEFAULT NULL ,
  "CONFIRM_TIME" DATE DEFAULT NULL ,
  "USERID" NUMBER(6) DEFAULT NULL ,
  "STATUS" VARCHAR2(255 BYTE) DEFAULT NULL 
)
TABLESPACE "USERS"
LOGGING
NOCOMPRESS
PCTFREE 10
INITRANS 1
STORAGE (
  INITIAL 65536 
  NEXT 1048576 
  MINEXTENTS 1
  MAXEXTENTS 2147483645
  BUFFER_POOL DEFAULT
)
PARALLEL 1
NOCACHE
DISABLE ROW MOVEMENT
;

-- ----------------------------
-- Records of "ORDER_"
-- ----------------------------
INSERT INTO "SCOTT"."ORDER_" VALUES ('43', '201911241740032056556', '1', '212300', '1', '15557002779', NULL, TO_DATE('2019-11-24 17:40:03', 'SYYYY-MM-DD HH24:MI:SS'), NULL, NULL, NULL, '8', 'delete');
INSERT INTO "SCOTT"."ORDER_" VALUES ('44', '201911241745274589012', '1', '212300', '1', '15557002779', NULL, TO_DATE('2019-11-24 17:45:27', 'SYYYY-MM-DD HH24:MI:SS'), NULL, NULL, NULL, '8', 'waitPay');
INSERT INTO "SCOTT"."ORDER_" VALUES ('46', '201911241746073666724', '1', '312300', 'q', '15557002779', NULL, TO_DATE('2019-11-24 17:46:07', 'SYYYY-MM-DD HH24:MI:SS'), NULL, NULL, NULL, '8', 'delete');
INSERT INTO "SCOTT"."ORDER_" VALUES ('48', '201911241747481015085', '1', '312300', '1', '15557002779', NULL, TO_DATE('2019-11-24 17:47:48', 'SYYYY-MM-DD HH24:MI:SS'), TO_DATE('2019-11-24 18:57:58', 'SYYYY-MM-DD HH24:MI:SS'), TO_DATE('2019-11-24 18:59:06', 'SYYYY-MM-DD HH24:MI:SS'), TO_DATE('2019-11-29 12:54:18', 'SYYYY-MM-DD HH24:MI:SS'), '8', 'delete');
INSERT INTO "SCOTT"."ORDER_" VALUES ('82', '201911291333410049326', '123', '312300', '1', '15557002779', NULL, TO_DATE('2019-11-29 13:33:41', 'SYYYY-MM-DD HH24:MI:SS'), TO_DATE('2019-11-29 13:33:43', 'SYYYY-MM-DD HH24:MI:SS'), TO_DATE('2019-11-29 13:35:31', 'SYYYY-MM-DD HH24:MI:SS'), NULL, '8', 'delete');
INSERT INTO "SCOTT"."ORDER_" VALUES ('84', '20191204103741681970', '南京', '312300', 'xxq', '12345678977', '物流快点', TO_DATE('2019-12-04 10:37:41', 'SYYYY-MM-DD HH24:MI:SS'), TO_DATE('2019-12-04 10:37:50', 'SYYYY-MM-DD HH24:MI:SS'), TO_DATE('2019-12-04 10:38:46', 'SYYYY-MM-DD HH24:MI:SS'), NULL, '8', 'waitConfirm');
INSERT INTO "SCOTT"."ORDER_" VALUES ('50', '201911241759171163978', '1', '312300', '1', '15557002779', NULL, TO_DATE('2019-11-24 17:59:17', 'SYYYY-MM-DD HH24:MI:SS'), TO_DATE('2019-11-24 17:59:20', 'SYYYY-MM-DD HH24:MI:SS'), TO_DATE('2019-11-24 18:59:04', 'SYYYY-MM-DD HH24:MI:SS'), TO_DATE('2019-11-26 19:20:35', 'SYYYY-MM-DD HH24:MI:SS'), '8', 'finish');
INSERT INTO "SCOTT"."ORDER_" VALUES ('80', '201911291251553809944', '12', '312300', '1', '15557002772', NULL, TO_DATE('2019-11-29 12:51:55', 'SYYYY-MM-DD HH24:MI:SS'), TO_DATE('2019-11-29 12:52:01', 'SYYYY-MM-DD HH24:MI:SS'), TO_DATE('2019-11-29 12:52:47', 'SYYYY-MM-DD HH24:MI:SS'), NULL, '78', 'waitConfirm');

-- ----------------------------
-- Table structure for ORDER_ITEM
-- ----------------------------
DROP TABLE "SCOTT"."ORDER_ITEM";
CREATE TABLE "SCOTT"."ORDER_ITEM" (
  "ID" NUMBER(6) NOT NULL ,
  "PID" NUMBER(6) DEFAULT NULL ,
  "OID" NUMBER(6) DEFAULT NULL ,
  "USERID" NUMBER(6) DEFAULT NULL ,
  "NUMBERS" NUMBER(6) DEFAULT NULL 
)
TABLESPACE "USERS"
LOGGING
NOCOMPRESS
PCTFREE 10
INITRANS 1
STORAGE (
  INITIAL 65536 
  NEXT 1048576 
  MINEXTENTS 1
  MAXEXTENTS 2147483645
  BUFFER_POOL DEFAULT
)
PARALLEL 1
NOCACHE
DISABLE ROW MOVEMENT
;
COMMENT ON COLUMN "SCOTT"."ORDER_ITEM"."ID" IS '订单项目id';
COMMENT ON COLUMN "SCOTT"."ORDER_ITEM"."PID" IS '商品id';
COMMENT ON COLUMN "SCOTT"."ORDER_ITEM"."OID" IS '订单id';
COMMENT ON COLUMN "SCOTT"."ORDER_ITEM"."USERID" IS '用户id';
COMMENT ON COLUMN "SCOTT"."ORDER_ITEM"."NUMBERS" IS '购买数量';

-- ----------------------------
-- Records of "ORDER_ITEM"
-- ----------------------------
INSERT INTO "SCOTT"."ORDER_ITEM" VALUES ('41', '30', '44', '8', '1');
INSERT INTO "SCOTT"."ORDER_ITEM" VALUES ('45', '30', '46', '8', '1');
INSERT INTO "SCOTT"."ORDER_ITEM" VALUES ('47', '30', '48', '8', '1');
INSERT INTO "SCOTT"."ORDER_ITEM" VALUES ('83', '30', '84', '8', '1');
INSERT INTO "SCOTT"."ORDER_ITEM" VALUES ('88', '30', NULL, '8', '3');
INSERT INTO "SCOTT"."ORDER_ITEM" VALUES ('49', '29', '50', '8', '1');
INSERT INTO "SCOTT"."ORDER_ITEM" VALUES ('81', '30', '82', '8', '1');
INSERT INTO "SCOTT"."ORDER_ITEM" VALUES ('79', '30', '80', '78', '1');
INSERT INTO "SCOTT"."ORDER_ITEM" VALUES ('86', '28', NULL, '8', '1');

-- ----------------------------
-- Table structure for PRODUCT
-- ----------------------------
DROP TABLE "SCOTT"."PRODUCT";
CREATE TABLE "SCOTT"."PRODUCT" (
  "ID" NUMBER(6) NOT NULL ,
  "NAME" VARCHAR2(225 BYTE) DEFAULT NULL ,
  "TITLE" VARCHAR2(225 BYTE) DEFAULT NULL ,
  "ORIGINAL_PRICE" NUMBER DEFAULT NULL ,
  "PROMOTE_PRICE" NUMBER DEFAULT NULL ,
  "STOCK" NUMBER(6) DEFAULT NULL ,
  "CID" NUMBER(6) DEFAULT NULL ,
  "CREATE_DATE" DATE 
)
TABLESPACE "USERS"
LOGGING
NOCOMPRESS
PCTFREE 10
INITRANS 1
STORAGE (
  INITIAL 65536 
  NEXT 1048576 
  MINEXTENTS 1
  MAXEXTENTS 2147483645
  BUFFER_POOL DEFAULT
)
PARALLEL 1
NOCACHE
DISABLE ROW MOVEMENT
;

-- ----------------------------
-- Records of "PRODUCT"
-- ----------------------------
INSERT INTO "SCOTT"."PRODUCT" VALUES ('26', 'Konka/康佳 LED32S1卧室32吋安卓智能无线WIFI网络液晶平板电视机', '32吋电视机 8核智能 网络 全国联保 送货上门', '1699', '1388', '94', '24', TO_DATE('2019-11-24 17:31:17', 'SYYYY-MM-DD HH24:MI:SS'));
INSERT INTO "SCOTT"."PRODUCT" VALUES ('27', 'Hisense/海信 LED49EC320A 49吋led液晶电视机智能网络平板电视50', '新品特惠 十核智能 内置WiFi 咨询有惊喜', '2799', '1679.4', '90', '24', TO_DATE('2019-11-24 17:34:04', 'SYYYY-MM-DD HH24:MI:SS'));
INSERT INTO "SCOTT"."PRODUCT" VALUES ('28', 'Hisense/海信 LED40EC520UA 40英寸4K智能平板液晶电视机WIFI网络', '周末 特惠 2189 元还送 精美礼品', '2399', '1439.4', '82', '24', TO_DATE('2019-11-24 17:34:04', 'SYYYY-MM-DD HH24:MI:SS'));
INSERT INTO "SCOTT"."PRODUCT" VALUES ('29', 'Changhong/长虹 65S1安卓智能12核65英寸网络平板LED液晶电视机70', '屏大影院 高配12核 安卓智能', '4499.01', '3824.16', '84', '24', TO_DATE('2019-11-24 17:34:04', 'SYYYY-MM-DD HH24:MI:SS'));
INSERT INTO "SCOTT"."PRODUCT" VALUES ('30', '夏普屏PANDA/熊猫 LE39D71S 39英寸智能WiFi液晶平板电视40 42 43', '十核智能 屏大影院', '2499', '1874.25', '75', '24', TO_DATE('2019-11-24 17:34:04', 'SYYYY-MM-DD HH24:MI:SS'));
INSERT INTO "SCOTT"."PRODUCT" VALUES ('31', '乐洁士智能马桶高品质全自动遥控感应一体式智能坐便器座便器', '全国联保 清洗烘干 气泡按摩 座圈加热 断电冲水', '8960', '8512', '62', '23', TO_DATE('2019-11-24 17:36:00', 'SYYYY-MM-DD HH24:MI:SS'));
INSERT INTO "SCOTT"."PRODUCT" VALUES ('32', '箭牌马桶/ARROW AB1118脲醛盖板连体喷射虹吸式坐便器座便器正品', '领券更优惠 品质脲醛盖 千城送装 送安装配件', '1976', '1482', '65', '23', TO_DATE('2019-11-24 17:36:00', 'SYYYY-MM-DD HH24:MI:SS'));
INSERT INTO "SCOTT"."PRODUCT" VALUES ('33', '纳蒂兰卡1066卫浴漩冲虹吸式马桶350坑距坐便器可配智能盖座便器', '盖板易拆 送全套配件 500区县 送货入户安装', '1670', '1503', '93', '23', TO_DATE('2019-11-24 17:36:00', 'SYYYY-MM-DD HH24:MI:SS'));
INSERT INTO "SCOTT"."PRODUCT" VALUES ('34', '德国DGPOSY超漩式彩色马桶缓降坐便器静音节水抽水马桶连体座便器', '纳米自洁釉 漩涡排污 静音节水 净重50kg', '2399', '1799.25', '79', '23', TO_DATE('2019-11-24 17:36:00', 'SYYYY-MM-DD HH24:MI:SS'));

-- ----------------------------
-- Table structure for PRODUCT_IMAGE
-- ----------------------------
DROP TABLE "SCOTT"."PRODUCT_IMAGE";
CREATE TABLE "SCOTT"."PRODUCT_IMAGE" (
  "ID" NUMBER(6) NOT NULL ,
  "PID" NUMBER(11) DEFAULT NULL ,
  "TYPE" VARCHAR2(255 BYTE) DEFAULT NULL 
)
TABLESPACE "USERS"
LOGGING
NOCOMPRESS
PCTFREE 10
INITRANS 1
STORAGE (
  INITIAL 65536 
  NEXT 1048576 
  MINEXTENTS 1
  MAXEXTENTS 2147483645
  BUFFER_POOL DEFAULT
)
PARALLEL 1
NOCACHE
DISABLE ROW MOVEMENT
;

-- ----------------------------
-- Records of "PRODUCT_IMAGE"
-- ----------------------------
INSERT INTO "SCOTT"."PRODUCT_IMAGE" VALUES ('56', '27', 'type_single');
INSERT INTO "SCOTT"."PRODUCT_IMAGE" VALUES ('53', '30', 'type_single');
INSERT INTO "SCOTT"."PRODUCT_IMAGE" VALUES ('55', '28', 'type_single');
INSERT INTO "SCOTT"."PRODUCT_IMAGE" VALUES ('61', '31', 'type_single');
INSERT INTO "SCOTT"."PRODUCT_IMAGE" VALUES ('54', '29', 'type_single');
INSERT INTO "SCOTT"."PRODUCT_IMAGE" VALUES ('57', '26', 'type_single');
INSERT INTO "SCOTT"."PRODUCT_IMAGE" VALUES ('58', '34', 'type_single');
INSERT INTO "SCOTT"."PRODUCT_IMAGE" VALUES ('59', '33', 'type_single');
INSERT INTO "SCOTT"."PRODUCT_IMAGE" VALUES ('60', '32', 'type_single');

-- ----------------------------
-- Table structure for PROPERTY
-- ----------------------------
DROP TABLE "SCOTT"."PROPERTY";
CREATE TABLE "SCOTT"."PROPERTY" (
  "ID" NUMBER(6) NOT NULL ,
  "CID" NUMBER(11) DEFAULT NULL ,
  "NAME" VARCHAR2(255 BYTE) DEFAULT NULL 
)
TABLESPACE "USERS"
LOGGING
NOCOMPRESS
PCTFREE 10
INITRANS 1
STORAGE (
  INITIAL 65536 
  NEXT 1048576 
  MINEXTENTS 1
  MAXEXTENTS 2147483645
  BUFFER_POOL DEFAULT
)
PARALLEL 1
NOCACHE
DISABLE ROW MOVEMENT
;

-- ----------------------------
-- Records of "PROPERTY"
-- ----------------------------
INSERT INTO "SCOTT"."PROPERTY" VALUES ('72', '23', '马桶的质量很好');
INSERT INTO "SCOTT"."PROPERTY" VALUES ('74', '22', '好沙发');
INSERT INTO "SCOTT"."PROPERTY" VALUES ('75', '24', '好电视');

-- ----------------------------
-- Table structure for PROPERTY_VALUE
-- ----------------------------
DROP TABLE "SCOTT"."PROPERTY_VALUE";
CREATE TABLE "SCOTT"."PROPERTY_VALUE" (
  "ID" NUMBER(6) NOT NULL ,
  "PID" NUMBER(6) DEFAULT NULL ,
  "PTID" NUMBER(6) DEFAULT NULL ,
  "VALUE" VARCHAR2(255 BYTE) DEFAULT NULL 
)
TABLESPACE "USERS"
LOGGING
NOCOMPRESS
PCTFREE 10
INITRANS 1
STORAGE (
  INITIAL 65536 
  NEXT 1048576 
  MINEXTENTS 1
  MAXEXTENTS 2147483645
  BUFFER_POOL DEFAULT
)
PARALLEL 1
NOCACHE
DISABLE ROW MOVEMENT
;

-- ----------------------------
-- Records of "PROPERTY_VALUE"
-- ----------------------------
INSERT INTO "SCOTT"."PROPERTY_VALUE" VALUES ('76', '30', '75', '夏普39cun');

-- ----------------------------
-- Table structure for USERS
-- ----------------------------
DROP TABLE "SCOTT"."USERS";
CREATE TABLE "SCOTT"."USERS" (
  "ID" NUMBER(6) NOT NULL ,
  "NAME" VARCHAR2(255 BYTE) DEFAULT NULL ,
  "PASSWORD" VARCHAR2(255 BYTE) DEFAULT NULL 
)
TABLESPACE "USERS"
LOGGING
NOCOMPRESS
PCTFREE 10
INITRANS 1
STORAGE (
  INITIAL 65536 
  NEXT 1048576 
  MINEXTENTS 1
  MAXEXTENTS 2147483645
  BUFFER_POOL DEFAULT
)
PARALLEL 1
NOCACHE
DISABLE ROW MOVEMENT
;

-- ----------------------------
-- Records of "USERS"
-- ----------------------------
INSERT INTO "SCOTT"."USERS" VALUES ('77', 'admin1', 'admin1');
INSERT INTO "SCOTT"."USERS" VALUES ('85', 'admi', 'admin');
INSERT INTO "SCOTT"."USERS" VALUES ('87', '1111', '1111');
INSERT INTO "SCOTT"."USERS" VALUES ('78', 'admin2', 'admin2');
INSERT INTO "SCOTT"."USERS" VALUES ('8', 'admin', 'admin');

-- ----------------------------
-- Sequence structure for MAIL_SEQ
-- ----------------------------
DROP SEQUENCE "SCOTT"."MAIL_SEQ";
CREATE SEQUENCE "SCOTT"."MAIL_SEQ" MINVALUE 1 MAXVALUE 9999999999999999999999999999 INCREMENT BY 1 NOCACHE;

-- ----------------------------
-- Sequence structure for SQ_TEST
-- ----------------------------
DROP SEQUENCE "SCOTT"."SQ_TEST";
CREATE SEQUENCE "SCOTT"."SQ_TEST" MINVALUE 1 MAXVALUE 9999999999999999999999999999 INCREMENT BY 1 CACHE 20;

-- ----------------------------
-- Primary Key structure for table BBS
-- ----------------------------
ALTER TABLE "SCOTT"."BBS" ADD CONSTRAINT "SYS_C0013389" PRIMARY KEY ("ID");

-- ----------------------------
-- Checks structure for table BBS
-- ----------------------------
ALTER TABLE "SCOTT"."BBS" ADD CONSTRAINT "SYS_C0013388" CHECK ("ID" IS NOT NULL) NOT DEFERRABLE INITIALLY IMMEDIATE NORELY VALIDATE;

-- ----------------------------
-- Primary Key structure for table CATEGORY
-- ----------------------------
ALTER TABLE "SCOTT"."CATEGORY" ADD CONSTRAINT "SYS_C0013374" PRIMARY KEY ("ID");

-- ----------------------------
-- Checks structure for table CATEGORY
-- ----------------------------
ALTER TABLE "SCOTT"."CATEGORY" ADD CONSTRAINT "SYS_C0013373" CHECK ("ID" IS NOT NULL) NOT DEFERRABLE INITIALLY IMMEDIATE NORELY VALIDATE;

-- ----------------------------
-- Primary Key structure for table ORDER_
-- ----------------------------
ALTER TABLE "SCOTT"."ORDER_" ADD CONSTRAINT "SYS_C0013393" PRIMARY KEY ("ID");

-- ----------------------------
-- Checks structure for table ORDER_
-- ----------------------------
ALTER TABLE "SCOTT"."ORDER_" ADD CONSTRAINT "SYS_C0013392" CHECK ("ID" IS NOT NULL) NOT DEFERRABLE INITIALLY IMMEDIATE NORELY VALIDATE;

-- ----------------------------
-- Primary Key structure for table ORDER_ITEM
-- ----------------------------
ALTER TABLE "SCOTT"."ORDER_ITEM" ADD CONSTRAINT "SYS_C0013396" PRIMARY KEY ("ID");

-- ----------------------------
-- Checks structure for table ORDER_ITEM
-- ----------------------------
ALTER TABLE "SCOTT"."ORDER_ITEM" ADD CONSTRAINT "SYS_C0013395" CHECK ("ID" IS NOT NULL) NOT DEFERRABLE INITIALLY IMMEDIATE NORELY VALIDATE;

-- ----------------------------
-- Primary Key structure for table PRODUCT
-- ----------------------------
ALTER TABLE "SCOTT"."PRODUCT" ADD CONSTRAINT "SYS_C0013379" PRIMARY KEY ("ID");

-- ----------------------------
-- Checks structure for table PRODUCT
-- ----------------------------
ALTER TABLE "SCOTT"."PRODUCT" ADD CONSTRAINT "SYS_C0013378" CHECK ("ID" IS NOT NULL) NOT DEFERRABLE INITIALLY IMMEDIATE NORELY VALIDATE;

-- ----------------------------
-- Primary Key structure for table PRODUCT_IMAGE
-- ----------------------------
ALTER TABLE "SCOTT"."PRODUCT_IMAGE" ADD CONSTRAINT "SYS_C0013386" PRIMARY KEY ("ID");

-- ----------------------------
-- Checks structure for table PRODUCT_IMAGE
-- ----------------------------
ALTER TABLE "SCOTT"."PRODUCT_IMAGE" ADD CONSTRAINT "SYS_C0013385" CHECK ("ID" IS NOT NULL) NOT DEFERRABLE INITIALLY IMMEDIATE NORELY VALIDATE;

-- ----------------------------
-- Primary Key structure for table PROPERTY
-- ----------------------------
ALTER TABLE "SCOTT"."PROPERTY" ADD CONSTRAINT "SYS_C0013376" PRIMARY KEY ("ID");

-- ----------------------------
-- Checks structure for table PROPERTY
-- ----------------------------
ALTER TABLE "SCOTT"."PROPERTY" ADD CONSTRAINT "SYS_C0013375" CHECK ("ID" IS NOT NULL) NOT DEFERRABLE INITIALLY IMMEDIATE NORELY VALIDATE;

-- ----------------------------
-- Primary Key structure for table PROPERTY_VALUE
-- ----------------------------
ALTER TABLE "SCOTT"."PROPERTY_VALUE" ADD CONSTRAINT "SYS_C0013382" PRIMARY KEY ("ID");

-- ----------------------------
-- Checks structure for table PROPERTY_VALUE
-- ----------------------------
ALTER TABLE "SCOTT"."PROPERTY_VALUE" ADD CONSTRAINT "SYS_C0013381" CHECK ("ID" IS NOT NULL) NOT DEFERRABLE INITIALLY IMMEDIATE NORELY VALIDATE;

-- ----------------------------
-- Primary Key structure for table USERS
-- ----------------------------
ALTER TABLE "SCOTT"."USERS" ADD CONSTRAINT "SYS_C0013372" PRIMARY KEY ("ID");

-- ----------------------------
-- Checks structure for table USERS
-- ----------------------------
ALTER TABLE "SCOTT"."USERS" ADD CONSTRAINT "SYS_C0013371" CHECK ("ID" IS NOT NULL) NOT DEFERRABLE INITIALLY IMMEDIATE NORELY VALIDATE;

-- ----------------------------
-- Foreign Keys structure for table BBS
-- ----------------------------
ALTER TABLE "SCOTT"."BBS" ADD CONSTRAINT "FK_REVIEW_PRODUCT" FOREIGN KEY ("PID") REFERENCES "PRODUCT" ("ID") NOT DEFERRABLE INITIALLY IMMEDIATE NORELY VALIDATE;
ALTER TABLE "SCOTT"."BBS" ADD CONSTRAINT "FK_REVIEW_USER" FOREIGN KEY ("USERID") REFERENCES "USERS" ("ID") NOT DEFERRABLE INITIALLY IMMEDIATE NORELY VALIDATE;

-- ----------------------------
-- Foreign Keys structure for table ORDER_
-- ----------------------------
ALTER TABLE "SCOTT"."ORDER_" ADD CONSTRAINT "FK_ORDER_USER" FOREIGN KEY ("USERID") REFERENCES "USERS" ("ID") NOT DEFERRABLE INITIALLY IMMEDIATE NORELY VALIDATE;

-- ----------------------------
-- Foreign Keys structure for table ORDER_ITEM
-- ----------------------------
ALTER TABLE "SCOTT"."ORDER_ITEM" ADD CONSTRAINT "FK_ORDERITEM_PRODUCT" FOREIGN KEY ("PID") REFERENCES "PRODUCT" ("ID") NOT DEFERRABLE INITIALLY IMMEDIATE NORELY VALIDATE;
ALTER TABLE "SCOTT"."ORDER_ITEM" ADD CONSTRAINT "FK_ORDERITEM_USER" FOREIGN KEY ("USERID") REFERENCES "USERS" ("ID") NOT DEFERRABLE INITIALLY IMMEDIATE NORELY VALIDATE;

-- ----------------------------
-- Foreign Keys structure for table PRODUCT
-- ----------------------------
ALTER TABLE "SCOTT"."PRODUCT" ADD CONSTRAINT "FK_PRODUCT_CATEGORY" FOREIGN KEY ("CID") REFERENCES "CATEGORY" ("ID") NOT DEFERRABLE INITIALLY IMMEDIATE NORELY VALIDATE;

-- ----------------------------
-- Foreign Keys structure for table PRODUCT_IMAGE
-- ----------------------------
ALTER TABLE "SCOTT"."PRODUCT_IMAGE" ADD CONSTRAINT "FK_PRODUCTIMAGE_PRODUCT" FOREIGN KEY ("PID") REFERENCES "PRODUCT" ("ID") NOT DEFERRABLE INITIALLY IMMEDIATE NORELY VALIDATE;

-- ----------------------------
-- Foreign Keys structure for table PROPERTY
-- ----------------------------
ALTER TABLE "SCOTT"."PROPERTY" ADD CONSTRAINT "FK_PROPERTY_CATEGORY" FOREIGN KEY ("CID") REFERENCES "CATEGORY" ("ID") NOT DEFERRABLE INITIALLY IMMEDIATE NORELY VALIDATE;

-- ----------------------------
-- Foreign Keys structure for table PROPERTY_VALUE
-- ----------------------------
ALTER TABLE "SCOTT"."PROPERTY_VALUE" ADD CONSTRAINT "FK_PROPERTYVALUE_PRODUCT" FOREIGN KEY ("PID") REFERENCES "PRODUCT" ("ID") NOT DEFERRABLE INITIALLY IMMEDIATE NORELY VALIDATE;
ALTER TABLE "SCOTT"."PROPERTY_VALUE" ADD CONSTRAINT "FK_PROPERTYVALUE_PROPERTY" FOREIGN KEY ("PTID") REFERENCES "PROPERTY" ("ID") NOT DEFERRABLE INITIALLY IMMEDIATE NORELY VALIDATE;
